"","Survived","Pclass","Sex","Age","SibSp","Parch","Fare","Embarked"
"1","No","Lower","male",22,1,0,7.25,"Southampton"
"2","Si","Upper","female",38,1,0,71.2833,"Cherbourg"
"3","Si","Lower","female",26,0,0,7.925,"Southampton"
"4","Si","Upper","female",35,1,0,53.1,"Southampton"
"5","No","Lower","male",35,0,0,8.05,"Southampton"
"6","No","Lower","male",21,0,0,8.4583,"Queenstown"
"7","No","Upper","male",54,0,0,51.8625,"Southampton"
"8","No","Lower","male",2,3,1,21.075,"Southampton"
"9","Si","Lower","female",27,0,2,11.1333,"Southampton"
"10","Si","Middle","female",14,1,0,30.0708,"Cherbourg"
"11","Si","Lower","female",4,1,1,16.7,"Southampton"
"12","Si","Upper","female",58,0,0,26.55,"Southampton"
"13","No","Lower","male",20,0,0,8.05,"Southampton"
"14","No","Lower","male",39,1,5,31.275,"Southampton"
"15","No","Lower","female",14,0,0,7.8542,"Southampton"
"16","Si","Middle","female",55,0,0,16,"Southampton"
"17","No","Lower","male",2,4,1,29.125,"Queenstown"
"18","Si","Middle","male",34,0,0,13,"Southampton"
"19","No","Lower","female",31,1,0,18,"Southampton"
"20","Si","Lower","female",30,0,0,7.225,"Cherbourg"
"21","No","Middle","male",35,0,0,26,"Southampton"
"22","Si","Middle","male",34,0,0,13,"Southampton"
"23","Si","Lower","female",15,0,0,8.0292,"Queenstown"
"24","Si","Upper","male",28,0,0,35.5,"Southampton"
"25","No","Lower","female",8,3,1,21.075,"Southampton"
"26","Si","Lower","female",38,1,5,31.3875,"Southampton"
"27","No","Lower","male",30,0,0,7.225,"Cherbourg"
"28","No","Upper","male",19,3,2,263,"Southampton"
"29","Si","Lower","female",26,0,0,7.8792,"Queenstown"
"30","No","Lower","male",33,0,0,7.8958,"Southampton"
"31","No","Upper","male",40,0,0,27.7208,"Cherbourg"
"32","Si","Upper","female",26,1,0,146.5208,"Cherbourg"
"33","Si","Lower","female",22,0,0,7.75,"Queenstown"
"34","No","Middle","male",66,0,0,10.5,"Southampton"
"35","No","Upper","male",28,1,0,82.1708,"Cherbourg"
"36","No","Upper","male",42,1,0,52,"Southampton"
"37","Si","Lower","male",20,0,0,7.2292,"Cherbourg"
"38","No","Lower","male",21,0,0,8.05,"Southampton"
"39","No","Lower","female",18,2,0,18,"Southampton"
"40","Si","Lower","female",14,1,0,11.2417,"Cherbourg"
"41","No","Lower","female",40,1,0,9.475,"Southampton"
"42","No","Middle","female",27,1,0,21,"Southampton"
"43","No","Lower","male",33,0,0,7.8958,"Cherbourg"
"44","Si","Middle","female",3,1,2,41.5792,"Cherbourg"
"45","Si","Lower","female",19,0,0,7.8792,"Queenstown"
"46","No","Lower","male",24,0,0,8.05,"Southampton"
"47","No","Lower","male",30,1,0,15.5,"Queenstown"
"48","Si","Lower","female",22,0,0,7.75,"Queenstown"
"49","No","Lower","male",21,2,0,21.6792,"Cherbourg"
"50","No","Lower","female",18,1,0,17.8,"Southampton"
"51","No","Lower","male",7,4,1,39.6875,"Southampton"
"52","No","Lower","male",21,0,0,7.8,"Southampton"
"53","Si","Upper","female",49,1,0,76.7292,"Cherbourg"
"54","Si","Middle","female",29,1,0,26,"Southampton"
"55","No","Upper","male",65,0,1,61.9792,"Cherbourg"
"56","Si","Upper","male",36,0,0,35.5,"Southampton"
"57","Si","Middle","female",21,0,0,10.5,"Southampton"
"58","No","Lower","male",28.5,0,0,7.2292,"Cherbourg"
"59","Si","Middle","female",5,1,2,27.75,"Southampton"
"60","No","Lower","male",11,5,2,46.9,"Southampton"
"61","No","Lower","male",22,0,0,7.2292,"Cherbourg"
"62","Si","Upper","female",38,0,0,80,"Southampton"
"63","No","Upper","male",45,1,0,83.475,"Southampton"
"64","No","Lower","male",4,3,2,27.9,"Southampton"
"65","No","Upper","male",40,0,0,27.7208,"Cherbourg"
"66","Si","Lower","male",9,1,1,15.2458,"Cherbourg"
"67","Si","Middle","female",29,0,0,10.5,"Southampton"
"68","No","Lower","male",19,0,0,8.1583,"Southampton"
"69","Si","Lower","female",17,4,2,7.925,"Southampton"
"70","No","Lower","male",26,2,0,8.6625,"Southampton"
"71","No","Middle","male",32,0,0,10.5,"Southampton"
"72","No","Lower","female",16,5,2,46.9,"Southampton"
"73","No","Middle","male",21,0,0,73.5,"Southampton"
"74","No","Lower","male",26,1,0,14.4542,"Cherbourg"
"75","Si","Lower","male",32,0,0,56.4958,"Southampton"
"76","No","Lower","male",25,0,0,7.65,"Southampton"
"77","No","Lower","male",33,0,0,7.8958,"Southampton"
"78","No","Lower","male",24,0,0,8.05,"Southampton"
"79","Si","Middle","male",0.83,0,2,29,"Southampton"
"80","Si","Lower","female",30,0,0,12.475,"Southampton"
"81","No","Lower","male",22,0,0,9,"Southampton"
"82","Si","Lower","male",29,0,0,9.5,"Southampton"
"83","Si","Lower","female",22,0,0,7.7875,"Queenstown"
"84","No","Upper","male",28,0,0,47.1,"Southampton"
"85","Si","Middle","female",17,0,0,10.5,"Southampton"
"86","Si","Lower","female",33,3,0,15.85,"Southampton"
"87","No","Lower","male",16,1,3,34.375,"Southampton"
"88","No","Lower","male",24,0,0,8.05,"Southampton"
"89","Si","Upper","female",23,3,2,263,"Southampton"
"90","No","Lower","male",24,0,0,8.05,"Southampton"
"91","No","Lower","male",29,0,0,8.05,"Southampton"
"92","No","Lower","male",20,0,0,7.8542,"Southampton"
"93","No","Upper","male",46,1,0,61.175,"Southampton"
"94","No","Lower","male",26,1,2,20.575,"Southampton"
"95","No","Lower","male",59,0,0,7.25,"Southampton"
"96","No","Lower","male",24,0,0,8.05,"Southampton"
"97","No","Upper","male",71,0,0,34.6542,"Cherbourg"
"98","Si","Upper","male",23,0,1,63.3583,"Cherbourg"
"99","Si","Middle","female",34,0,1,23,"Southampton"
"100","No","Middle","male",34,1,0,26,"Southampton"
"101","No","Lower","female",28,0,0,7.8958,"Southampton"
"102","No","Lower","male",33,0,0,7.8958,"Southampton"
"103","No","Upper","male",21,0,1,77.2875,"Southampton"
"104","No","Lower","male",33,0,0,8.6542,"Southampton"
"105","No","Lower","male",37,2,0,7.925,"Southampton"
"106","No","Lower","male",28,0,0,7.8958,"Southampton"
"107","Si","Lower","female",21,0,0,7.65,"Southampton"
"108","Si","Lower","male",26,0,0,7.775,"Southampton"
"109","No","Lower","male",38,0,0,7.8958,"Southampton"
"110","Si","Lower","female",28,1,0,24.15,"Queenstown"
"111","No","Upper","male",47,0,0,52,"Southampton"
"112","No","Lower","female",14.5,1,0,14.4542,"Cherbourg"
"113","No","Lower","male",22,0,0,8.05,"Southampton"
"114","No","Lower","female",20,1,0,9.825,"Southampton"
"115","No","Lower","female",17,0,0,14.4583,"Cherbourg"
"116","No","Lower","male",21,0,0,7.925,"Southampton"
"117","No","Lower","male",70.5,0,0,7.75,"Queenstown"
"118","No","Middle","male",29,1,0,21,"Southampton"
"119","No","Upper","male",24,0,1,247.5208,"Cherbourg"
"120","No","Lower","female",2,4,2,31.275,"Southampton"
"121","No","Middle","male",21,2,0,73.5,"Southampton"
"122","No","Lower","male",24,0,0,8.05,"Southampton"
"123","No","Middle","male",32.5,1,0,30.0708,"Cherbourg"
"124","Si","Middle","female",32.5,0,0,13,"Southampton"
"125","No","Upper","male",54,0,1,77.2875,"Southampton"
"126","Si","Lower","male",12,1,0,11.2417,"Cherbourg"
"127","No","Lower","male",51,0,0,7.75,"Queenstown"
"128","Si","Lower","male",24,0,0,7.1417,"Southampton"
"129","Si","Lower","female",26,1,1,22.3583,"Cherbourg"
"130","No","Lower","male",45,0,0,6.975,"Southampton"
"131","No","Lower","male",33,0,0,7.8958,"Cherbourg"
"132","No","Lower","male",20,0,0,7.05,"Southampton"
"133","No","Lower","female",47,1,0,14.5,"Southampton"
"134","Si","Middle","female",29,1,0,26,"Southampton"
"135","No","Middle","male",25,0,0,13,"Southampton"
"136","No","Middle","male",23,0,0,15.0458,"Cherbourg"
"137","Si","Upper","female",19,0,2,26.2833,"Southampton"
"138","No","Upper","male",37,1,0,53.1,"Southampton"
"139","No","Lower","male",16,0,0,9.2167,"Southampton"
"140","No","Upper","male",24,0,0,79.2,"Cherbourg"
"141","No","Lower","female",29,0,2,15.2458,"Cherbourg"
"142","Si","Lower","female",22,0,0,7.75,"Southampton"
"143","Si","Lower","female",24,1,0,15.85,"Southampton"
"144","No","Lower","male",19,0,0,6.75,"Queenstown"
"145","No","Middle","male",18,0,0,11.5,"Southampton"
"146","No","Middle","male",19,1,1,36.75,"Southampton"
"147","Si","Lower","male",27,0,0,7.7958,"Southampton"
"148","No","Lower","female",9,2,2,34.375,"Southampton"
"149","No","Middle","male",36.5,0,2,26,"Southampton"
"150","No","Middle","male",42,0,0,13,"Southampton"
"151","No","Middle","male",51,0,0,12.525,"Southampton"
"152","Si","Upper","female",22,1,0,66.6,"Southampton"
"153","No","Lower","male",55.5,0,0,8.05,"Southampton"
"154","No","Lower","male",40.5,0,2,14.5,"Southampton"
"155","No","Lower","male",22,0,0,7.3125,"Southampton"
"156","No","Upper","male",51,0,1,61.3792,"Cherbourg"
"157","Si","Lower","female",16,0,0,7.7333,"Queenstown"
"158","No","Lower","male",30,0,0,8.05,"Southampton"
"159","No","Lower","male",33,0,0,8.6625,"Southampton"
"160","No","Lower","male",11,8,2,69.55,"Southampton"
"161","No","Lower","male",44,0,1,16.1,"Southampton"
"162","Si","Middle","female",40,0,0,15.75,"Southampton"
"163","No","Lower","male",26,0,0,7.775,"Southampton"
"164","No","Lower","male",17,0,0,8.6625,"Southampton"
"165","No","Lower","male",1,4,1,39.6875,"Southampton"
"166","Si","Lower","male",9,0,2,20.525,"Southampton"
"167","Si","Upper","female",22,0,1,55,"Southampton"
"168","No","Lower","female",45,1,4,27.9,"Southampton"
"169","No","Upper","male",46,0,0,25.925,"Southampton"
"170","No","Lower","male",28,0,0,56.4958,"Southampton"
"171","No","Upper","male",61,0,0,33.5,"Southampton"
"172","No","Lower","male",4,4,1,29.125,"Queenstown"
"173","Si","Lower","female",1,1,1,11.1333,"Southampton"
"174","No","Lower","male",21,0,0,7.925,"Southampton"
"175","No","Upper","male",56,0,0,30.6958,"Cherbourg"
"176","No","Lower","male",18,1,1,7.8542,"Southampton"
"177","No","Lower","male",6,3,1,25.4667,"Southampton"
"178","No","Upper","female",50,0,0,28.7125,"Cherbourg"
"179","No","Middle","male",30,0,0,13,"Southampton"
"180","No","Lower","male",36,0,0,12.875,"Southampton"
"181","No","Lower","female",11,8,2,69.55,"Southampton"
"182","No","Middle","male",40.5,0,0,15.05,"Cherbourg"
"183","No","Lower","male",9,4,2,31.3875,"Southampton"
"184","Si","Middle","male",1,2,1,39,"Southampton"
"185","Si","Lower","female",4,0,2,22.025,"Southampton"
"186","No","Upper","male",54,0,0,50,"Southampton"
"187","Si","Lower","female",24,1,0,15.5,"Queenstown"
"188","Si","Upper","male",45,0,0,26.55,"Southampton"
"189","No","Lower","male",40,1,1,15.5,"Queenstown"
"190","No","Lower","male",36,0,0,7.8958,"Southampton"
"191","Si","Middle","female",32,0,0,13,"Southampton"
"192","No","Middle","male",19,0,0,13,"Southampton"
"193","Si","Lower","female",19,1,0,7.8542,"Southampton"
"194","Si","Middle","male",3,1,1,26,"Southampton"
"195","Si","Upper","female",44,0,0,27.7208,"Cherbourg"
"196","Si","Upper","female",58,0,0,146.5208,"Cherbourg"
"197","No","Lower","male",51,0,0,7.75,"Queenstown"
"198","No","Lower","male",42,0,1,8.4042,"Southampton"
"199","Si","Lower","female",22,0,0,7.75,"Queenstown"
"200","No","Middle","female",24,0,0,13,"Southampton"
"201","No","Lower","male",28,0,0,9.5,"Southampton"
"202","No","Lower","male",11,8,2,69.55,"Southampton"
"203","No","Lower","male",34,0,0,6.4958,"Southampton"
"204","No","Lower","male",45.5,0,0,7.225,"Cherbourg"
"205","Si","Lower","male",18,0,0,8.05,"Southampton"
"206","No","Lower","female",2,0,1,10.4625,"Southampton"
"207","No","Lower","male",32,1,0,15.85,"Southampton"
"208","Si","Lower","male",26,0,0,18.7875,"Cherbourg"
"209","Si","Lower","female",16,0,0,7.75,"Queenstown"
"210","Si","Upper","male",40,0,0,31,"Cherbourg"
"211","No","Lower","male",24,0,0,7.05,"Southampton"
"212","Si","Middle","female",35,0,0,21,"Southampton"
"213","No","Lower","male",22,0,0,7.25,"Southampton"
"214","No","Middle","male",30,0,0,13,"Southampton"
"215","No","Lower","male",25,1,0,7.75,"Queenstown"
"216","Si","Upper","female",31,1,0,113.275,"Cherbourg"
"217","Si","Lower","female",27,0,0,7.925,"Southampton"
"218","No","Middle","male",42,1,0,27,"Southampton"
"219","Si","Upper","female",32,0,0,76.2917,"Cherbourg"
"220","No","Middle","male",30,0,0,10.5,"Southampton"
"221","Si","Lower","male",16,0,0,8.05,"Southampton"
"222","No","Middle","male",27,0,0,13,"Southampton"
"223","No","Lower","male",51,0,0,8.05,"Southampton"
"224","No","Lower","male",33,0,0,7.8958,"Southampton"
"225","Si","Upper","male",38,1,0,90,"Southampton"
"226","No","Lower","male",22,0,0,9.35,"Southampton"
"227","Si","Middle","male",19,0,0,10.5,"Southampton"
"228","No","Lower","male",20.5,0,0,7.25,"Southampton"
"229","No","Middle","male",18,0,0,13,"Southampton"
"230","No","Lower","female",6,3,1,25.4667,"Southampton"
"231","Si","Upper","female",35,1,0,83.475,"Southampton"
"232","No","Lower","male",29,0,0,7.775,"Southampton"
"233","No","Middle","male",59,0,0,13.5,"Southampton"
"234","Si","Lower","female",5,4,2,31.3875,"Southampton"
"235","No","Middle","male",24,0,0,10.5,"Southampton"
"236","No","Lower","female",24,0,0,7.55,"Southampton"
"237","No","Middle","male",44,1,0,26,"Southampton"
"238","Si","Middle","female",8,0,2,26.25,"Southampton"
"239","No","Middle","male",19,0,0,10.5,"Southampton"
"240","No","Middle","male",33,0,0,12.275,"Southampton"
"241","No","Lower","female",18,1,0,14.4542,"Cherbourg"
"242","Si","Lower","female",24,1,0,15.5,"Queenstown"
"243","No","Middle","male",29,0,0,10.5,"Southampton"
"244","No","Lower","male",22,0,0,7.125,"Southampton"
"245","No","Lower","male",30,0,0,7.225,"Cherbourg"
"246","No","Upper","male",44,2,0,90,"Queenstown"
"247","No","Lower","female",25,0,0,7.775,"Southampton"
"248","Si","Middle","female",24,0,2,14.5,"Southampton"
"249","Si","Upper","male",37,1,1,52.5542,"Southampton"
"250","No","Middle","male",54,1,0,26,"Southampton"
"251","No","Lower","male",22,0,0,7.25,"Southampton"
"252","No","Lower","female",29,1,1,10.4625,"Southampton"
"253","No","Upper","male",62,0,0,26.55,"Southampton"
"254","No","Lower","male",30,1,0,16.1,"Southampton"
"255","No","Lower","female",41,0,2,20.2125,"Southampton"
"256","Si","Lower","female",29,0,2,15.2458,"Cherbourg"
"257","Si","Upper","female",38,0,0,79.2,"Cherbourg"
"258","Si","Upper","female",30,0,0,86.5,"Southampton"
"259","Si","Upper","female",35,0,0,512.3292,"Cherbourg"
"260","Si","Middle","female",50,0,1,26,"Southampton"
"261","No","Lower","male",51,0,0,7.75,"Queenstown"
"262","Si","Lower","male",3,4,2,31.3875,"Southampton"
"263","No","Upper","male",52,1,1,79.65,"Southampton"
"264","No","Upper","male",40,0,0,27.7208,"Southampton"
"265","No","Lower","female",51,0,0,7.75,"Queenstown"
"266","No","Middle","male",36,0,0,10.5,"Southampton"
"267","No","Lower","male",16,4,1,39.6875,"Southampton"
"268","Si","Lower","male",25,1,0,7.775,"Southampton"
"269","Si","Upper","female",58,0,1,153.4625,"Southampton"
"270","Si","Upper","female",35,0,0,135.6333,"Southampton"
"271","No","Upper","male",41,0,0,31,"Southampton"
"272","Si","Lower","male",25,0,0,7.775,"Southampton"
"273","Si","Middle","female",41,0,1,19.5,"Southampton"
"274","No","Upper","male",37,0,1,29.7,"Cherbourg"
"275","Si","Lower","female",22,0,0,7.75,"Queenstown"
"276","Si","Upper","female",63,1,0,77.9583,"Southampton"
"277","No","Lower","female",45,0,0,7.75,"Southampton"
"278","No","Middle","male",39,0,0,13,"Southampton"
"279","No","Lower","male",7,4,1,29.125,"Queenstown"
"280","Si","Lower","female",35,1,1,20.25,"Southampton"
"281","No","Lower","male",65,0,0,7.75,"Queenstown"
"282","No","Lower","male",28,0,0,7.8542,"Southampton"
"283","No","Lower","male",16,0,0,9.5,"Southampton"
"284","Si","Lower","male",19,0,0,8.05,"Southampton"
"285","No","Upper","male",46,0,0,26,"Southampton"
"286","No","Lower","male",33,0,0,8.6625,"Cherbourg"
"287","Si","Lower","male",30,0,0,9.5,"Southampton"
"288","No","Lower","male",22,0,0,7.8958,"Southampton"
"289","Si","Middle","male",42,0,0,13,"Southampton"
"290","Si","Lower","female",22,0,0,7.75,"Queenstown"
"291","Si","Upper","female",26,0,0,78.85,"Southampton"
"292","Si","Upper","female",19,1,0,91.0792,"Cherbourg"
"293","No","Middle","male",36,0,0,12.875,"Cherbourg"
"294","No","Lower","female",24,0,0,8.85,"Southampton"
"295","No","Lower","male",24,0,0,7.8958,"Southampton"
"296","No","Upper","male",40,0,0,27.7208,"Cherbourg"
"297","No","Lower","male",23.5,0,0,7.2292,"Cherbourg"
"298","No","Upper","female",2,1,2,151.55,"Southampton"
"299","Si","Upper","male",41,0,0,30.5,"Southampton"
"300","Si","Upper","female",50,0,1,247.5208,"Cherbourg"
"301","Si","Lower","female",22,0,0,7.75,"Queenstown"
"302","Si","Lower","male",53,2,0,23.25,"Queenstown"
"303","No","Lower","male",19,0,0,8.1583,"Southampton"
"304","Si","Middle","female",35,0,0,12.35,"Queenstown"
"305","No","Lower","male",24,0,0,8.05,"Southampton"
"306","Si","Upper","male",0.92,1,2,151.55,"Southampton"
"307","Si","Upper","female",31,0,0,110.8833,"Cherbourg"
"308","Si","Upper","female",17,1,0,108.9,"Cherbourg"
"309","No","Middle","male",30,1,0,24,"Cherbourg"
"310","Si","Upper","female",30,0,0,56.9292,"Cherbourg"
"311","Si","Upper","female",24,0,0,83.1583,"Cherbourg"
"312","Si","Upper","female",18,2,2,262.375,"Cherbourg"
"313","No","Middle","female",26,1,1,26,"Southampton"
"314","No","Lower","male",28,0,0,7.8958,"Southampton"
"315","No","Middle","male",43,1,1,26.25,"Southampton"
"316","Si","Lower","female",26,0,0,7.8542,"Southampton"
"317","Si","Middle","female",24,1,0,26,"Southampton"
"318","No","Middle","male",54,0,0,14,"Southampton"
"319","Si","Upper","female",31,0,2,164.8667,"Southampton"
"320","Si","Upper","female",40,1,1,134.5,"Cherbourg"
"321","No","Lower","male",22,0,0,7.25,"Southampton"
"322","No","Lower","male",27,0,0,7.8958,"Southampton"
"323","Si","Middle","female",30,0,0,12.35,"Queenstown"
"324","Si","Middle","female",22,1,1,29,"Southampton"
"325","No","Lower","male",11,8,2,69.55,"Southampton"
"326","Si","Upper","female",36,0,0,135.6333,"Cherbourg"
"327","No","Lower","male",61,0,0,6.2375,"Southampton"
"328","Si","Middle","female",36,0,0,13,"Southampton"
"329","Si","Lower","female",31,1,1,20.525,"Southampton"
"330","Si","Upper","female",16,0,1,57.9792,"Cherbourg"
"331","Si","Lower","female",53,2,0,23.25,"Queenstown"
"332","No","Upper","male",45.5,0,0,28.5,"Southampton"
"333","No","Upper","male",38,0,1,153.4625,"Southampton"
"334","No","Lower","male",16,2,0,18,"Southampton"
"335","Si","Upper","female",26,1,0,133.65,"Southampton"
"336","No","Lower","male",33,0,0,7.8958,"Southampton"
"337","No","Upper","male",29,1,0,66.6,"Southampton"
"338","Si","Upper","female",41,0,0,134.5,"Cherbourg"
"339","Si","Lower","male",45,0,0,8.05,"Southampton"
"340","No","Upper","male",45,0,0,35.5,"Southampton"
"341","Si","Middle","male",2,1,1,26,"Southampton"
"342","Si","Upper","female",24,3,2,263,"Southampton"
"343","No","Middle","male",28,0,0,13,"Southampton"
"344","No","Middle","male",25,0,0,13,"Southampton"
"345","No","Middle","male",36,0,0,13,"Southampton"
"346","Si","Middle","female",24,0,0,13,"Southampton"
"347","Si","Middle","female",40,0,0,13,"Southampton"
"348","Si","Lower","female",24,1,0,16.1,"Southampton"
"349","Si","Lower","male",3,1,1,15.9,"Southampton"
"350","No","Lower","male",42,0,0,8.6625,"Southampton"
"351","No","Lower","male",23,0,0,9.225,"Southampton"
"352","No","Upper","male",61,0,0,35,"Southampton"
"353","No","Lower","male",15,1,1,7.2292,"Cherbourg"
"354","No","Lower","male",25,1,0,17.8,"Southampton"
"355","No","Lower","male",30,0,0,7.225,"Cherbourg"
"356","No","Lower","male",28,0,0,9.5,"Southampton"
"357","Si","Upper","female",22,0,1,55,"Southampton"
"358","No","Middle","female",38,0,0,13,"Southampton"
"359","Si","Lower","female",26,0,0,7.8792,"Queenstown"
"360","Si","Lower","female",26,0,0,7.8792,"Queenstown"
"361","No","Lower","male",40,1,4,27.9,"Southampton"
"362","No","Middle","male",29,1,0,27.7208,"Cherbourg"
"363","No","Lower","female",45,0,1,14.4542,"Cherbourg"
"364","No","Lower","male",35,0,0,7.05,"Southampton"
"365","No","Lower","male",30,1,0,15.5,"Queenstown"
"366","No","Lower","male",30,0,0,7.25,"Southampton"
"367","Si","Upper","female",60,1,0,75.25,"Cherbourg"
"368","Si","Lower","female",20,0,0,7.2292,"Cherbourg"
"369","Si","Lower","female",22,0,0,7.75,"Queenstown"
"370","Si","Upper","female",24,0,0,69.3,"Cherbourg"
"371","Si","Upper","male",25,1,0,55.4417,"Cherbourg"
"372","No","Lower","male",18,1,0,6.4958,"Southampton"
"373","No","Lower","male",19,0,0,8.05,"Southampton"
"374","No","Upper","male",22,0,0,135.6333,"Cherbourg"
"375","No","Lower","female",3,3,1,21.075,"Southampton"
"376","Si","Upper","female",35,1,0,82.1708,"Cherbourg"
"377","Si","Lower","female",22,0,0,7.25,"Southampton"
"378","No","Upper","male",27,0,2,211.5,"Cherbourg"
"379","No","Lower","male",20,0,0,4.0125,"Cherbourg"
"380","No","Lower","male",19,0,0,7.775,"Southampton"
"381","Si","Upper","female",42,0,0,227.525,"Cherbourg"
"382","Si","Lower","female",1,0,2,15.7417,"Cherbourg"
"383","No","Lower","male",32,0,0,7.925,"Southampton"
"384","Si","Upper","female",35,1,0,52,"Southampton"
"385","No","Lower","male",33,0,0,7.8958,"Southampton"
"386","No","Middle","male",18,0,0,73.5,"Southampton"
"387","No","Lower","male",1,5,2,46.9,"Southampton"
"388","Si","Middle","female",36,0,0,13,"Southampton"
"389","No","Lower","male",31,0,0,7.7292,"Queenstown"
"390","Si","Middle","female",17,0,0,12,"Cherbourg"
"391","Si","Upper","male",36,1,2,120,"Southampton"
"392","Si","Lower","male",21,0,0,7.7958,"Southampton"
"393","No","Lower","male",28,2,0,7.925,"Southampton"
"394","Si","Upper","female",23,1,0,113.275,"Cherbourg"
"395","Si","Lower","female",24,0,2,16.7,"Southampton"
"396","No","Lower","male",22,0,0,7.7958,"Southampton"
"397","No","Lower","female",31,0,0,7.8542,"Southampton"
"398","No","Middle","male",46,0,0,26,"Southampton"
"399","No","Middle","male",23,0,0,10.5,"Southampton"
"400","Si","Middle","female",28,0,0,12.65,"Southampton"
"401","Si","Lower","male",39,0,0,7.925,"Southampton"
"402","No","Lower","male",26,0,0,8.05,"Southampton"
"403","No","Lower","female",21,1,0,9.825,"Southampton"
"404","No","Lower","male",28,1,0,15.85,"Southampton"
"405","No","Lower","female",20,0,0,8.6625,"Southampton"
"406","No","Middle","male",34,1,0,21,"Southampton"
"407","No","Lower","male",51,0,0,7.75,"Southampton"
"408","Si","Middle","male",3,1,1,18.75,"Southampton"
"409","No","Lower","male",21,0,0,7.775,"Southampton"
"410","No","Lower","female",6,3,1,25.4667,"Southampton"
"411","No","Lower","male",33,0,0,7.8958,"Southampton"
"412","No","Lower","male",20,0,0,6.8583,"Queenstown"
"413","Si","Upper","female",33,1,0,90,"Queenstown"
"414","No","Middle","male",39,0,0,13,"Southampton"
"415","Si","Lower","male",44,0,0,7.925,"Southampton"
"416","No","Lower","female",24,0,0,8.05,"Southampton"
"417","Si","Middle","female",34,1,1,32.5,"Southampton"
"418","Si","Middle","female",18,0,2,13,"Southampton"
"419","No","Middle","male",30,0,0,13,"Southampton"
"420","No","Lower","female",10,0,2,24.15,"Southampton"
"421","No","Lower","male",33,0,0,7.8958,"Cherbourg"
"422","No","Lower","male",21,0,0,7.7333,"Queenstown"
"423","No","Lower","male",29,0,0,7.875,"Southampton"
"424","No","Lower","female",28,1,1,14.4,"Southampton"
"425","No","Lower","male",18,1,1,20.2125,"Southampton"
"426","No","Lower","male",22,0,0,7.25,"Southampton"
"427","Si","Middle","female",28,1,0,26,"Southampton"
"428","Si","Middle","female",19,0,0,26,"Southampton"
"429","No","Lower","male",51,0,0,7.75,"Queenstown"
"430","Si","Lower","male",32,0,0,8.05,"Southampton"
"431","Si","Upper","male",28,0,0,26.55,"Southampton"
"432","Si","Lower","female",24,1,0,16.1,"Southampton"
"433","Si","Middle","female",42,1,0,26,"Southampton"
"434","No","Lower","male",17,0,0,7.125,"Southampton"
"435","No","Upper","male",50,1,0,55.9,"Southampton"
"436","Si","Upper","female",14,1,2,120,"Southampton"
"437","No","Lower","female",21,2,2,34.375,"Southampton"
"438","Si","Middle","female",24,2,3,18.75,"Southampton"
"439","No","Upper","male",64,1,4,263,"Southampton"
"440","No","Middle","male",31,0,0,10.5,"Southampton"
"441","Si","Middle","female",45,1,1,26.25,"Southampton"
"442","No","Lower","male",20,0,0,9.5,"Southampton"
"443","No","Lower","male",25,1,0,7.775,"Southampton"
"444","Si","Middle","female",28,0,0,13,"Southampton"
"445","Si","Lower","male",19,0,0,8.1125,"Southampton"
"446","Si","Upper","male",4,0,2,81.8583,"Southampton"
"447","Si","Middle","female",13,0,1,19.5,"Southampton"
"448","Si","Upper","male",34,0,0,26.55,"Southampton"
"449","Si","Lower","female",5,2,1,19.2583,"Cherbourg"
"450","Si","Upper","male",52,0,0,30.5,"Southampton"
"451","No","Middle","male",36,1,2,27.75,"Southampton"
"452","No","Lower","male",30,1,0,19.9667,"Southampton"
"453","No","Upper","male",30,0,0,27.75,"Cherbourg"
"454","Si","Upper","male",49,1,0,89.1042,"Cherbourg"
"455","No","Lower","male",24,0,0,8.05,"Southampton"
"456","Si","Lower","male",29,0,0,7.8958,"Cherbourg"
"457","No","Upper","male",65,0,0,26.55,"Southampton"
"458","Si","Upper","female",42,1,0,51.8625,"Southampton"
"459","Si","Middle","female",50,0,0,10.5,"Southampton"
"460","No","Lower","male",51,0,0,7.75,"Queenstown"
"461","Si","Upper","male",48,0,0,26.55,"Southampton"
"462","No","Lower","male",34,0,0,8.05,"Southampton"
"463","No","Upper","male",47,0,0,38.5,"Southampton"
"464","No","Middle","male",48,0,0,13,"Southampton"
"465","No","Lower","male",24,0,0,8.05,"Southampton"
"466","No","Lower","male",38,0,0,7.05,"Southampton"
"467","No","Middle","male",39,0,0,13,"Southampton"
"468","No","Upper","male",56,0,0,26.55,"Southampton"
"469","No","Lower","male",25,0,0,7.725,"Queenstown"
"470","Si","Lower","female",0.75,2,1,19.2583,"Cherbourg"
"471","No","Lower","male",22,0,0,7.25,"Southampton"
"472","No","Lower","male",38,0,0,8.6625,"Southampton"
"473","Si","Middle","female",33,1,2,27.75,"Southampton"
"474","Si","Middle","female",23,0,0,13.7917,"Cherbourg"
"475","No","Lower","female",22,0,0,9.8375,"Southampton"
"476","No","Upper","male",48,0,0,52,"Southampton"
"477","No","Middle","male",34,1,0,21,"Southampton"
"478","No","Lower","male",29,1,0,7.0458,"Southampton"
"479","No","Lower","male",22,0,0,7.5208,"Southampton"
"480","Si","Lower","female",2,0,1,12.2875,"Southampton"
"481","No","Lower","male",9,5,2,46.9,"Southampton"
"482","No","Middle","male",39,0,0,13,"Southampton"
"483","No","Lower","male",50,0,0,8.05,"Southampton"
"484","Si","Lower","female",63,0,0,9.5875,"Southampton"
"485","Si","Upper","male",25,1,0,91.0792,"Cherbourg"
"486","No","Lower","female",6,3,1,25.4667,"Southampton"
"487","Si","Upper","female",35,1,0,90,"Southampton"
"488","No","Upper","male",58,0,0,29.7,"Cherbourg"
"489","No","Lower","male",30,0,0,8.05,"Southampton"
"490","Si","Lower","male",9,1,1,15.9,"Southampton"
"491","No","Lower","male",30,1,0,19.9667,"Southampton"
"492","No","Lower","male",21,0,0,7.25,"Southampton"
"493","No","Upper","male",55,0,0,30.5,"Southampton"
"494","No","Upper","male",71,0,0,49.5042,"Cherbourg"
"495","No","Lower","male",21,0,0,8.05,"Southampton"
"496","No","Lower","male",27,0,0,14.4583,"Cherbourg"
"497","Si","Upper","female",54,1,0,78.2667,"Cherbourg"
"498","No","Lower","male",40.5,0,0,15.1,"Southampton"
"499","No","Upper","female",25,1,2,151.55,"Southampton"
"500","No","Lower","male",24,0,0,7.7958,"Southampton"
"501","No","Lower","male",17,0,0,8.6625,"Southampton"
"502","No","Lower","female",21,0,0,7.75,"Queenstown"
"503","No","Lower","female",25,0,0,7.6292,"Queenstown"
"504","No","Lower","female",37,0,0,9.5875,"Southampton"
"505","Si","Upper","female",16,0,0,86.5,"Southampton"
"506","No","Upper","male",18,1,0,108.9,"Cherbourg"
"507","Si","Middle","female",33,0,2,26,"Southampton"
"508","Si","Upper","male",45,0,0,26.55,"Southampton"
"509","No","Lower","male",28,0,0,22.525,"Southampton"
"510","Si","Lower","male",26,0,0,56.4958,"Southampton"
"511","Si","Lower","male",29,0,0,7.75,"Queenstown"
"512","No","Lower","male",24,0,0,8.05,"Southampton"
"513","Si","Upper","male",36,0,0,26.2875,"Southampton"
"514","Si","Upper","female",54,1,0,59.4,"Cherbourg"
"515","No","Lower","male",24,0,0,7.4958,"Southampton"
"516","No","Upper","male",47,0,0,34.0208,"Southampton"
"517","Si","Middle","female",34,0,0,10.5,"Southampton"
"518","No","Lower","male",32,0,0,24.15,"Queenstown"
"519","Si","Middle","female",36,1,0,26,"Southampton"
"520","No","Lower","male",32,0,0,7.8958,"Southampton"
"521","Si","Upper","female",30,0,0,93.5,"Southampton"
"522","No","Lower","male",22,0,0,7.8958,"Southampton"
"523","No","Lower","male",30,0,0,7.225,"Cherbourg"
"524","Si","Upper","female",44,0,1,57.9792,"Cherbourg"
"525","No","Lower","male",23.5,0,0,7.2292,"Cherbourg"
"526","No","Lower","male",40.5,0,0,7.75,"Queenstown"
"527","Si","Middle","female",50,0,0,10.5,"Southampton"
"528","No","Upper","male",29,0,0,221.7792,"Southampton"
"529","No","Lower","male",39,0,0,7.925,"Southampton"
"530","No","Middle","male",23,2,1,11.5,"Southampton"
"531","Si","Middle","female",2,1,1,26,"Southampton"
"532","No","Lower","male",23.5,0,0,7.2292,"Cherbourg"
"533","No","Lower","male",17,1,1,7.2292,"Cherbourg"
"534","Si","Lower","female",9,0,2,22.3583,"Cherbourg"
"535","No","Lower","female",30,0,0,8.6625,"Southampton"
"536","Si","Middle","female",7,0,2,26.25,"Southampton"
"537","No","Upper","male",45,0,0,26.55,"Southampton"
"538","Si","Upper","female",30,0,0,106.425,"Cherbourg"
"539","No","Lower","male",27,0,0,14.5,"Southampton"
"540","Si","Upper","female",22,0,2,49.5,"Cherbourg"
"541","Si","Upper","female",36,0,2,71,"Southampton"
"542","No","Lower","female",9,4,2,31.275,"Southampton"
"543","No","Lower","female",11,4,2,31.275,"Southampton"
"544","Si","Middle","male",32,1,0,26,"Southampton"
"545","No","Upper","male",50,1,0,106.425,"Cherbourg"
"546","No","Upper","male",64,0,0,26,"Southampton"
"547","Si","Middle","female",19,1,0,26,"Southampton"
"548","Si","Middle","male",26,0,0,13.8625,"Cherbourg"
"549","No","Lower","male",33,1,1,20.525,"Southampton"
"550","Si","Middle","male",8,1,1,36.75,"Southampton"
"551","Si","Upper","male",17,0,2,110.8833,"Cherbourg"
"552","No","Middle","male",27,0,0,26,"Southampton"
"553","No","Lower","male",21,0,0,7.8292,"Queenstown"
"554","Si","Lower","male",22,0,0,7.225,"Cherbourg"
"555","Si","Lower","female",22,0,0,7.775,"Southampton"
"556","No","Upper","male",62,0,0,26.55,"Southampton"
"557","Si","Upper","female",48,1,0,39.6,"Cherbourg"
"558","No","Upper","male",38,0,0,227.525,"Cherbourg"
"559","Si","Upper","female",39,1,1,79.65,"Southampton"
"560","Si","Lower","female",36,1,0,17.4,"Southampton"
"561","No","Lower","male",51,0,0,7.75,"Queenstown"
"562","No","Lower","male",40,0,0,7.8958,"Southampton"
"563","No","Middle","male",28,0,0,13.5,"Southampton"
"564","No","Lower","male",24,0,0,8.05,"Southampton"
"565","No","Lower","female",24,0,0,8.05,"Southampton"
"566","No","Lower","male",24,2,0,24.15,"Southampton"
"567","No","Lower","male",19,0,0,7.8958,"Southampton"
"568","No","Lower","female",29,0,4,21.075,"Southampton"
"569","No","Lower","male",23.5,0,0,7.2292,"Cherbourg"
"570","Si","Lower","male",32,0,0,7.8542,"Southampton"
"571","Si","Middle","male",62,0,0,10.5,"Southampton"
"572","Si","Upper","female",53,2,0,51.4792,"Southampton"
"573","Si","Upper","male",36,0,0,26.3875,"Southampton"
"574","Si","Lower","female",22,0,0,7.75,"Queenstown"
"575","No","Lower","male",16,0,0,8.05,"Southampton"
"576","No","Lower","male",19,0,0,14.5,"Southampton"
"577","Si","Middle","female",34,0,0,13,"Southampton"
"578","Si","Upper","female",39,1,0,55.9,"Southampton"
"579","No","Lower","female",26,1,0,14.4583,"Cherbourg"
"580","Si","Lower","male",32,0,0,7.925,"Southampton"
"581","Si","Middle","female",25,1,1,30,"Southampton"
"582","Si","Upper","female",39,1,1,110.8833,"Cherbourg"
"583","No","Middle","male",54,0,0,26,"Southampton"
"584","No","Upper","male",36,0,0,40.125,"Cherbourg"
"585","No","Lower","male",33,0,0,8.7125,"Cherbourg"
"586","Si","Upper","female",18,0,2,79.65,"Southampton"
"587","No","Middle","male",47,0,0,15,"Southampton"
"588","Si","Upper","male",60,1,1,79.2,"Cherbourg"
"589","No","Lower","male",22,0,0,8.05,"Southampton"
"590","No","Lower","male",24,0,0,8.05,"Southampton"
"591","No","Lower","male",35,0,0,7.125,"Southampton"
"592","Si","Upper","female",52,1,0,78.2667,"Cherbourg"
"593","No","Lower","male",47,0,0,7.25,"Southampton"
"594","No","Lower","female",39,0,2,7.75,"Queenstown"
"595","No","Middle","male",37,1,0,26,"Southampton"
"596","No","Lower","male",36,1,1,24.15,"Southampton"
"597","Si","Middle","female",36,0,0,33,"Southampton"
"598","No","Lower","male",49,0,0,26,"Southampton"
"599","No","Lower","male",30,0,0,7.225,"Cherbourg"
"600","Si","Upper","male",49,1,0,56.9292,"Cherbourg"
"601","Si","Middle","female",24,2,1,27,"Southampton"
"602","No","Lower","male",33,0,0,7.8958,"Southampton"
"603","No","Upper","male",42,0,0,42.4,"Southampton"
"604","No","Lower","male",44,0,0,8.05,"Southampton"
"605","Si","Upper","male",35,0,0,26.55,"Cherbourg"
"606","No","Lower","male",36,1,0,15.55,"Southampton"
"607","No","Lower","male",30,0,0,7.8958,"Southampton"
"608","Si","Upper","male",27,0,0,30.5,"Southampton"
"609","Si","Middle","female",22,1,2,41.5792,"Cherbourg"
"610","Si","Upper","female",40,0,0,153.4625,"Southampton"
"611","No","Lower","female",39,1,5,31.275,"Southampton"
"612","No","Lower","male",25,0,0,7.05,"Southampton"
"613","Si","Lower","female",24,1,0,15.5,"Queenstown"
"614","No","Lower","male",51,0,0,7.75,"Queenstown"
"615","No","Lower","male",35,0,0,8.05,"Southampton"
"616","Si","Middle","female",24,1,2,65,"Southampton"
"617","No","Lower","male",34,1,1,14.4,"Southampton"
"618","No","Lower","female",26,1,0,16.1,"Southampton"
"619","Si","Middle","female",4,2,1,39,"Southampton"
"620","No","Middle","male",26,0,0,10.5,"Southampton"
"621","No","Lower","male",27,1,0,14.4542,"Cherbourg"
"622","Si","Upper","male",42,1,0,52.5542,"Southampton"
"623","Si","Lower","male",20,1,1,15.7417,"Cherbourg"
"624","No","Lower","male",21,0,0,7.8542,"Southampton"
"625","No","Lower","male",21,0,0,16.1,"Southampton"
"626","No","Upper","male",61,0,0,32.3208,"Southampton"
"627","No","Middle","male",57,0,0,12.35,"Queenstown"
"628","Si","Upper","female",21,0,0,77.9583,"Southampton"
"629","No","Lower","male",26,0,0,7.8958,"Southampton"
"630","No","Lower","male",21,0,0,7.7333,"Queenstown"
"631","Si","Upper","male",80,0,0,30,"Southampton"
"632","No","Lower","male",51,0,0,7.0542,"Southampton"
"633","Si","Upper","male",32,0,0,30.5,"Cherbourg"
"634","No","Upper","male",39,0,0,13,"Southampton"
"635","No","Lower","female",9,3,2,27.9,"Southampton"
"636","Si","Middle","female",28,0,0,13,"Southampton"
"637","No","Lower","male",32,0,0,7.925,"Southampton"
"638","No","Middle","male",31,1,1,26.25,"Southampton"
"639","No","Lower","female",41,0,5,39.6875,"Southampton"
"640","No","Lower","male",26,1,0,16.1,"Southampton"
"641","No","Lower","male",20,0,0,7.8542,"Southampton"
"642","Si","Upper","female",24,0,0,69.3,"Cherbourg"
"643","No","Lower","female",2,3,2,27.9,"Southampton"
"644","Si","Lower","male",30,0,0,56.4958,"Southampton"
"645","Si","Lower","female",0.75,2,1,19.2583,"Cherbourg"
"646","Si","Upper","male",48,1,0,76.7292,"Cherbourg"
"647","No","Lower","male",19,0,0,7.8958,"Southampton"
"648","Si","Upper","male",56,0,0,35.5,"Cherbourg"
"649","No","Lower","male",24,0,0,7.55,"Southampton"
"650","Si","Lower","female",23,0,0,7.55,"Southampton"
"651","No","Lower","male",33,0,0,7.8958,"Southampton"
"652","Si","Middle","female",18,0,1,23,"Southampton"
"653","No","Lower","male",21,0,0,8.4333,"Southampton"
"654","Si","Lower","female",26,0,0,7.8292,"Queenstown"
"655","No","Lower","female",18,0,0,6.75,"Queenstown"
"656","No","Middle","male",24,2,0,73.5,"Southampton"
"657","No","Lower","male",33,0,0,7.8958,"Southampton"
"658","No","Lower","female",32,1,1,15.5,"Queenstown"
"659","No","Middle","male",23,0,0,13,"Southampton"
"660","No","Upper","male",58,0,2,113.275,"Cherbourg"
"661","Si","Upper","male",50,2,0,133.65,"Southampton"
"662","No","Lower","male",40,0,0,7.225,"Cherbourg"
"663","No","Upper","male",47,0,0,25.5875,"Southampton"
"664","No","Lower","male",36,0,0,7.4958,"Southampton"
"665","Si","Lower","male",20,1,0,7.925,"Southampton"
"666","No","Middle","male",32,2,0,73.5,"Southampton"
"667","No","Middle","male",25,0,0,13,"Southampton"
"668","No","Lower","male",25,0,0,7.775,"Southampton"
"669","No","Lower","male",43,0,0,8.05,"Southampton"
"670","Si","Upper","female",42,1,0,52,"Southampton"
"671","Si","Middle","female",40,1,1,39,"Southampton"
"672","No","Upper","male",31,1,0,52,"Southampton"
"673","No","Middle","male",70,0,0,10.5,"Southampton"
"674","Si","Middle","male",31,0,0,13,"Southampton"
"675","No","Middle","male",39,0,0,13,"Southampton"
"676","No","Lower","male",18,0,0,7.775,"Southampton"
"677","No","Lower","male",24.5,0,0,8.05,"Southampton"
"678","Si","Lower","female",18,0,0,9.8417,"Southampton"
"679","No","Lower","female",43,1,6,46.9,"Southampton"
"680","Si","Upper","male",36,0,1,512.3292,"Cherbourg"
"681","No","Lower","female",21,0,0,8.1375,"Queenstown"
"682","Si","Upper","male",27,0,0,76.7292,"Cherbourg"
"683","No","Lower","male",20,0,0,9.225,"Southampton"
"684","No","Lower","male",14,5,2,46.9,"Southampton"
"685","No","Middle","male",60,1,1,39,"Southampton"
"686","No","Middle","male",25,1,2,41.5792,"Cherbourg"
"687","No","Lower","male",14,4,1,39.6875,"Southampton"
"688","No","Lower","male",19,0,0,10.1708,"Southampton"
"689","No","Lower","male",18,0,0,7.7958,"Southampton"
"690","Si","Upper","female",15,0,1,211.3375,"Southampton"
"691","Si","Upper","male",31,1,0,57,"Southampton"
"692","Si","Lower","female",4,0,1,13.4167,"Cherbourg"
"693","Si","Lower","male",30,0,0,56.4958,"Southampton"
"694","No","Lower","male",25,0,0,7.225,"Cherbourg"
"695","No","Upper","male",60,0,0,26.55,"Southampton"
"696","No","Middle","male",52,0,0,13.5,"Southampton"
"697","No","Lower","male",44,0,0,8.05,"Southampton"
"698","Si","Lower","female",21,0,0,7.7333,"Queenstown"
"699","No","Upper","male",49,1,1,110.8833,"Cherbourg"
"700","No","Lower","male",42,0,0,7.65,"Southampton"
"701","Si","Upper","female",18,1,0,227.525,"Cherbourg"
"702","Si","Upper","male",35,0,0,26.2875,"Southampton"
"703","No","Lower","female",18,0,1,14.4542,"Cherbourg"
"704","No","Lower","male",25,0,0,7.7417,"Queenstown"
"705","No","Lower","male",26,1,0,7.8542,"Southampton"
"706","No","Middle","male",39,0,0,26,"Southampton"
"707","Si","Middle","female",45,0,0,13.5,"Southampton"
"708","Si","Upper","male",42,0,0,26.2875,"Southampton"
"709","Si","Upper","female",22,0,0,151.55,"Southampton"
"710","Si","Lower","male",9,1,1,15.2458,"Cherbourg"
"711","Si","Upper","female",24,0,0,49.5042,"Cherbourg"
"712","No","Upper","male",62,0,0,26.55,"Southampton"
"713","Si","Upper","male",48,1,0,52,"Southampton"
"714","No","Lower","male",29,0,0,9.4833,"Southampton"
"715","No","Middle","male",52,0,0,13,"Southampton"
"716","No","Lower","male",19,0,0,7.65,"Southampton"
"717","Si","Upper","female",38,0,0,227.525,"Cherbourg"
"718","Si","Middle","female",27,0,0,10.5,"Southampton"
"719","No","Lower","male",40.5,0,0,15.5,"Queenstown"
"720","No","Lower","male",33,0,0,7.775,"Southampton"
"721","Si","Middle","female",6,0,1,33,"Southampton"
"722","No","Lower","male",17,1,0,7.0542,"Southampton"
"723","No","Middle","male",34,0,0,13,"Southampton"
"724","No","Middle","male",50,0,0,13,"Southampton"
"725","Si","Upper","male",27,1,0,53.1,"Southampton"
"726","No","Lower","male",20,0,0,8.6625,"Southampton"
"727","Si","Middle","female",30,3,0,21,"Southampton"
"728","Si","Lower","female",17,0,0,7.7375,"Queenstown"
"729","No","Middle","male",25,1,0,26,"Southampton"
"730","No","Lower","female",25,1,0,7.925,"Southampton"
"731","Si","Upper","female",29,0,0,211.3375,"Southampton"
"732","No","Lower","male",11,0,0,18.7875,"Cherbourg"
"733","No","Middle","male",39,0,0,13,"Southampton"
"734","No","Middle","male",23,0,0,13,"Southampton"
"735","No","Middle","male",23,0,0,13,"Southampton"
"736","No","Lower","male",28.5,0,0,16.1,"Southampton"
"737","No","Lower","female",48,1,3,34.375,"Southampton"
"738","Si","Upper","male",35,0,0,512.3292,"Cherbourg"
"739","No","Lower","male",33,0,0,7.8958,"Southampton"
"740","No","Lower","male",33,0,0,7.8958,"Southampton"
"741","Si","Upper","male",29,0,0,30,"Southampton"
"742","No","Upper","male",36,1,0,78.85,"Southampton"
"743","Si","Upper","female",21,2,2,262.375,"Cherbourg"
"744","No","Lower","male",24,1,0,16.1,"Southampton"
"745","Si","Lower","male",31,0,0,7.925,"Southampton"
"746","No","Upper","male",70,1,1,71,"Southampton"
"747","No","Lower","male",16,1,1,20.25,"Southampton"
"748","Si","Middle","female",30,0,0,13,"Southampton"
"749","No","Upper","male",19,1,0,53.1,"Southampton"
"750","No","Lower","male",31,0,0,7.75,"Queenstown"
"751","Si","Middle","female",4,1,1,23,"Southampton"
"752","Si","Lower","male",6,0,1,12.475,"Southampton"
"753","No","Lower","male",33,0,0,9.5,"Southampton"
"754","No","Lower","male",23,0,0,7.8958,"Southampton"
"755","Si","Middle","female",48,1,2,65,"Southampton"
"756","Si","Middle","male",0.67,1,1,14.5,"Southampton"
"757","No","Lower","male",28,0,0,7.7958,"Southampton"
"758","No","Middle","male",18,0,0,11.5,"Southampton"
"759","No","Lower","male",34,0,0,8.05,"Southampton"
"760","Si","Upper","female",33,0,0,86.5,"Southampton"
"761","No","Lower","male",27,0,0,14.5,"Southampton"
"762","No","Lower","male",41,0,0,7.125,"Southampton"
"763","Si","Lower","male",20,0,0,7.2292,"Cherbourg"
"764","Si","Upper","female",36,1,2,120,"Southampton"
"765","No","Lower","male",16,0,0,7.775,"Southampton"
"766","Si","Upper","female",51,1,0,77.9583,"Southampton"
"767","No","Upper","male",45,0,0,39.6,"Cherbourg"
"768","No","Lower","female",30.5,0,0,7.75,"Queenstown"
"769","No","Lower","male",37,1,0,24.15,"Queenstown"
"770","No","Lower","male",32,0,0,8.3625,"Southampton"
"771","No","Lower","male",24,0,0,9.5,"Southampton"
"772","No","Lower","male",48,0,0,7.8542,"Southampton"
"773","No","Middle","female",57,0,0,10.5,"Southampton"
"774","No","Lower","male",30,0,0,7.225,"Cherbourg"
"775","Si","Middle","female",54,1,3,23,"Southampton"
"776","No","Lower","male",18,0,0,7.75,"Southampton"
"777","No","Lower","male",51,0,0,7.75,"Queenstown"
"778","Si","Lower","female",5,0,0,12.475,"Southampton"
"779","No","Lower","male",31,0,0,7.7375,"Queenstown"
"780","Si","Upper","female",43,0,1,211.3375,"Southampton"
"781","Si","Lower","female",13,0,0,7.2292,"Cherbourg"
"782","Si","Upper","female",17,1,0,57,"Southampton"
"783","No","Upper","male",29,0,0,30,"Southampton"
"784","No","Lower","male",26,1,2,23.45,"Southampton"
"785","No","Lower","male",25,0,0,7.05,"Southampton"
"786","No","Lower","male",25,0,0,7.25,"Southampton"
"787","Si","Lower","female",18,0,0,7.4958,"Southampton"
"788","No","Lower","male",8,4,1,29.125,"Queenstown"
"789","Si","Lower","male",1,1,2,20.575,"Southampton"
"790","No","Upper","male",46,0,0,79.2,"Cherbourg"
"791","No","Lower","male",51,0,0,7.75,"Queenstown"
"792","No","Middle","male",16,0,0,26,"Southampton"
"793","No","Lower","female",11,8,2,69.55,"Southampton"
"794","No","Upper","male",41,0,0,30.6958,"Cherbourg"
"795","No","Lower","male",25,0,0,7.8958,"Southampton"
"796","No","Middle","male",39,0,0,13,"Southampton"
"797","Si","Upper","female",49,0,0,25.9292,"Southampton"
"798","Si","Lower","female",31,0,0,8.6833,"Southampton"
"799","No","Lower","male",30,0,0,7.2292,"Cherbourg"
"800","No","Lower","female",30,1,1,24.15,"Southampton"
"801","No","Middle","male",34,0,0,13,"Southampton"
"802","Si","Middle","female",31,1,1,26.25,"Southampton"
"803","Si","Upper","male",11,1,2,120,"Southampton"
"804","Si","Lower","male",0.42,0,1,8.5167,"Cherbourg"
"805","Si","Lower","male",27,0,0,6.975,"Southampton"
"806","No","Lower","male",31,0,0,7.775,"Southampton"
"807","No","Upper","male",39,0,0,13,"Southampton"
"808","No","Lower","female",18,0,0,7.775,"Southampton"
"809","No","Middle","male",39,0,0,13,"Southampton"
"810","Si","Upper","female",33,1,0,53.1,"Southampton"
"811","No","Lower","male",26,0,0,7.8875,"Southampton"
"812","No","Lower","male",39,0,0,24.15,"Southampton"
"813","No","Middle","male",35,0,0,10.5,"Southampton"
"814","No","Lower","female",6,4,2,31.275,"Southampton"
"815","No","Lower","male",30.5,0,0,8.05,"Southampton"
"816","No","Upper","male",39,0,0,13,"Southampton"
"817","No","Lower","female",23,0,0,7.925,"Southampton"
"818","No","Middle","male",31,1,1,37.0042,"Cherbourg"
"819","No","Lower","male",43,0,0,6.45,"Southampton"
"820","No","Lower","male",10,3,2,27.9,"Southampton"
"821","Si","Upper","female",52,1,1,93.5,"Southampton"
"822","Si","Lower","male",27,0,0,8.6625,"Southampton"
"823","No","Upper","male",38,0,0,8.6625,"Southampton"
"824","Si","Lower","female",27,0,1,12.475,"Southampton"
"825","No","Lower","male",2,4,1,39.6875,"Southampton"
"826","No","Lower","male",30,0,0,6.95,"Queenstown"
"827","No","Lower","male",32,0,0,56.4958,"Southampton"
"828","Si","Middle","male",1,0,2,37.0042,"Cherbourg"
"829","Si","Lower","male",22,0,0,7.75,"Queenstown"
"830","Si","Upper","female",62,0,0,80,"Southampton"
"831","Si","Lower","female",15,1,0,14.4542,"Cherbourg"
"832","Si","Middle","male",0.83,1,1,18.75,"Southampton"
"833","No","Lower","male",23.5,0,0,7.2292,"Cherbourg"
"834","No","Lower","male",23,0,0,7.8542,"Southampton"
"835","No","Lower","male",18,0,0,8.3,"Southampton"
"836","Si","Upper","female",39,1,1,83.1583,"Cherbourg"
"837","No","Lower","male",21,0,0,8.6625,"Southampton"
"838","No","Lower","male",24,0,0,8.05,"Southampton"
"839","Si","Lower","male",32,0,0,56.4958,"Southampton"
"840","Si","Upper","male",45,0,0,29.7,"Cherbourg"
"841","No","Lower","male",20,0,0,7.925,"Southampton"
"842","No","Middle","male",16,0,0,10.5,"Southampton"
"843","Si","Upper","female",30,0,0,31,"Cherbourg"
"844","No","Lower","male",34.5,0,0,6.4375,"Cherbourg"
"845","No","Lower","male",17,0,0,8.6625,"Southampton"
"846","No","Lower","male",42,0,0,7.55,"Southampton"
"847","No","Lower","male",11,8,2,69.55,"Southampton"
"848","No","Lower","male",35,0,0,7.8958,"Cherbourg"
"849","No","Middle","male",28,0,1,33,"Southampton"
"850","Si","Upper","female",37,1,0,89.1042,"Cherbourg"
"851","No","Lower","male",4,4,2,31.275,"Southampton"
"852","No","Lower","male",74,0,0,7.775,"Southampton"
"853","No","Lower","female",9,1,1,15.2458,"Cherbourg"
"854","Si","Upper","female",16,0,1,39.4,"Southampton"
"855","No","Middle","female",44,1,0,26,"Southampton"
"856","Si","Lower","female",18,0,1,9.35,"Southampton"
"857","Si","Upper","female",45,1,1,164.8667,"Southampton"
"858","Si","Upper","male",51,0,0,26.55,"Southampton"
"859","Si","Lower","female",24,0,3,19.2583,"Cherbourg"
"860","No","Lower","male",23.5,0,0,7.2292,"Cherbourg"
"861","No","Lower","male",41,2,0,14.1083,"Southampton"
"862","No","Middle","male",21,1,0,11.5,"Southampton"
"863","Si","Upper","female",48,0,0,25.9292,"Southampton"
"864","No","Lower","female",11,8,2,69.55,"Southampton"
"865","No","Middle","male",24,0,0,13,"Southampton"
"866","Si","Middle","female",42,0,0,13,"Southampton"
"867","Si","Middle","female",27,1,0,13.8583,"Cherbourg"
"868","No","Upper","male",31,0,0,50.4958,"Southampton"
"869","No","Lower","male",28,0,0,9.5,"Southampton"
"870","Si","Lower","male",4,1,1,11.1333,"Southampton"
"871","No","Lower","male",26,0,0,7.8958,"Southampton"
"872","Si","Upper","female",47,1,1,52.5542,"Southampton"
"873","No","Upper","male",33,0,0,5,"Southampton"
"874","No","Lower","male",47,0,0,9,"Southampton"
"875","Si","Middle","female",28,1,0,24,"Cherbourg"
"876","Si","Lower","female",15,0,0,7.225,"Cherbourg"
"877","No","Lower","male",20,0,0,9.8458,"Southampton"
"878","No","Lower","male",19,0,0,7.8958,"Southampton"
"879","No","Lower","male",33,0,0,7.8958,"Southampton"
"880","Si","Upper","female",56,0,1,83.1583,"Cherbourg"
"881","Si","Middle","female",25,0,1,26,"Southampton"
"882","No","Lower","male",33,0,0,7.8958,"Southampton"
"883","No","Lower","female",22,0,0,10.5167,"Southampton"
"884","No","Middle","male",28,0,0,10.5,"Southampton"
"885","No","Lower","male",25,0,0,7.05,"Southampton"
"886","No","Lower","female",39,0,5,29.125,"Queenstown"
"887","No","Middle","male",27,0,0,13,"Southampton"
"888","Si","Upper","female",19,0,0,30,"Southampton"
"889","No","Lower","female",26,1,2,23.45,"Southampton"
"890","Si","Upper","male",26,0,0,30,"Cherbourg"
"891","No","Lower","male",32,0,0,7.75,"Queenstown"
"892","No","Lower","male",34.5,0,0,7.8292,"Queenstown"
"893","Si","Lower","female",47,1,0,7,"Southampton"
"894","No","Middle","male",62,0,0,9.6875,"Queenstown"
"895","No","Lower","male",27,0,0,8.6625,"Southampton"
"896","Si","Lower","female",22,1,1,12.2875,"Southampton"
"897","No","Lower","male",14,0,0,9.225,"Southampton"
"898","Si","Lower","female",30,0,0,7.6292,"Queenstown"
"899","No","Middle","male",26,1,1,29,"Southampton"
"900","Si","Lower","female",18,0,0,7.2292,"Cherbourg"
"901","No","Lower","male",21,2,0,24.15,"Southampton"
"902","No","Lower","male",33,0,0,7.8958,"Southampton"
"903","No","Upper","male",46,0,0,26,"Southampton"
"904","Si","Upper","female",23,1,0,82.2667,"Southampton"
"905","No","Middle","male",63,1,0,26,"Southampton"
"906","Si","Upper","female",47,1,0,61.175,"Southampton"
"907","Si","Middle","female",24,1,0,27.7208,"Cherbourg"
"908","No","Middle","male",35,0,0,12.35,"Queenstown"
"909","No","Lower","male",21,0,0,7.225,"Cherbourg"
"910","Si","Lower","female",27,1,0,7.925,"Southampton"
"911","Si","Lower","female",45,0,0,7.225,"Cherbourg"
"912","No","Upper","male",55,1,0,59.4,"Cherbourg"
"913","No","Lower","male",9,0,1,3.1708,"Southampton"
"914","Si","Upper","female",36,0,0,31.6833,"Southampton"
"915","No","Upper","male",21,0,1,61.3792,"Cherbourg"
"916","Si","Upper","female",48,1,3,262.375,"Cherbourg"
"917","No","Lower","male",50,1,0,14.5,"Southampton"
"918","Si","Upper","female",22,0,1,61.9792,"Cherbourg"
"919","No","Lower","male",22.5,0,0,7.225,"Cherbourg"
"920","No","Upper","male",41,0,0,30.5,"Southampton"
"921","No","Lower","male",21,2,0,21.6792,"Cherbourg"
"922","No","Middle","male",50,1,0,26,"Southampton"
"923","No","Middle","male",24,2,0,31.5,"Southampton"
"924","Si","Lower","female",33,1,2,20.575,"Southampton"
"925","Si","Lower","female",5,1,2,23.45,"Southampton"
"926","No","Upper","male",30,1,0,57.75,"Cherbourg"
"927","No","Lower","male",18.5,0,0,7.2292,"Cherbourg"
"928","Si","Lower","female",19,0,0,8.05,"Southampton"
"929","Si","Lower","female",21,0,0,8.6625,"Southampton"
"930","No","Lower","male",25,0,0,9.5,"Southampton"
"931","No","Lower","male",32,0,0,56.4958,"Southampton"
"932","No","Lower","male",39,0,1,13.4167,"Cherbourg"
"933","No","Upper","male",62,0,0,26.55,"Southampton"
"934","No","Lower","male",41,0,0,7.85,"Southampton"
"935","Si","Middle","female",30,0,0,13,"Southampton"
"936","Si","Upper","female",45,1,0,52.5542,"Southampton"
"937","No","Lower","male",25,0,0,7.925,"Southampton"
"938","No","Upper","male",45,0,0,29.7,"Cherbourg"
"939","No","Lower","male",51,0,0,7.75,"Queenstown"
"940","Si","Upper","female",60,0,0,76.2917,"Cherbourg"
"941","Si","Lower","female",36,0,2,15.9,"Southampton"
"942","No","Upper","male",24,1,0,60,"Southampton"
"943","No","Middle","male",27,0,0,15.0333,"Cherbourg"
"944","Si","Middle","female",20,2,1,23,"Southampton"
"945","Si","Upper","female",28,3,2,263,"Southampton"
"946","No","Middle","male",28.5,0,0,15.5792,"Cherbourg"
"947","No","Lower","male",10,4,1,29.125,"Queenstown"
"948","No","Lower","male",35,0,0,7.8958,"Southampton"
"949","No","Lower","male",25,0,0,7.65,"Southampton"
"950","No","Lower","male",26,1,0,16.1,"Southampton"
"951","Si","Upper","female",36,0,0,262.375,"Cherbourg"
"952","No","Lower","male",17,0,0,7.8958,"Southampton"
"953","No","Middle","male",32,0,0,13.5,"Southampton"
"954","No","Lower","male",18,0,0,7.75,"Southampton"
"955","Si","Lower","female",22,0,0,7.725,"Queenstown"
"956","No","Upper","male",13,2,2,262.375,"Cherbourg"
"957","Si","Middle","female",31,0,0,21,"Southampton"
"958","Si","Lower","female",18,0,0,7.8792,"Queenstown"
"959","No","Upper","male",47,0,0,42.4,"Southampton"
"960","No","Upper","male",31,0,0,28.5375,"Cherbourg"
"961","Si","Upper","female",60,1,4,263,"Southampton"
"962","Si","Lower","female",24,0,0,7.75,"Queenstown"
"963","No","Lower","male",21,0,0,7.8958,"Southampton"
"964","Si","Lower","female",29,0,0,7.925,"Southampton"
"965","No","Upper","male",28.5,0,0,27.7208,"Cherbourg"
"966","Si","Upper","female",35,0,0,211.5,"Cherbourg"
"967","No","Upper","male",32.5,0,0,211.5,"Cherbourg"
"968","No","Lower","male",24,0,0,8.05,"Southampton"
"969","Si","Upper","female",55,2,0,25.7,"Southampton"
"970","No","Middle","male",30,0,0,13,"Southampton"
"971","Si","Lower","female",24,0,0,7.75,"Queenstown"
"972","No","Lower","male",6,1,1,15.2458,"Cherbourg"
"973","No","Upper","male",67,1,0,221.7792,"Southampton"
"974","No","Upper","male",49,0,0,26,"Southampton"
"975","No","Lower","male",33,0,0,7.8958,"Southampton"
"976","No","Middle","male",30,0,0,10.7083,"Queenstown"
"977","No","Lower","male",18,1,0,14.4542,"Cherbourg"
"978","Si","Lower","female",27,0,0,7.8792,"Queenstown"
"979","Si","Lower","female",18,0,0,8.05,"Southampton"
"980","Si","Lower","female",22,0,0,7.75,"Queenstown"
"981","No","Middle","male",2,1,1,23,"Southampton"
"982","Si","Lower","female",22,1,0,13.9,"Southampton"
"983","No","Lower","male",25,0,0,7.775,"Southampton"
"984","Si","Upper","female",27,1,2,52,"Southampton"
"985","No","Lower","male",24,0,0,8.05,"Southampton"
"986","No","Upper","male",25,0,0,26,"Cherbourg"
"987","No","Lower","male",25,0,0,7.7958,"Southampton"
"988","Si","Upper","female",76,1,0,78.85,"Southampton"
"989","No","Lower","male",29,0,0,7.925,"Southampton"
"990","Si","Lower","female",20,0,0,7.8542,"Southampton"
"991","No","Lower","male",33,0,0,8.05,"Southampton"
"992","Si","Upper","female",43,1,0,55.4417,"Cherbourg"
"993","No","Middle","male",27,1,0,26,"Southampton"
"994","No","Lower","male",51,0,0,7.75,"Queenstown"
"995","No","Lower","male",26,0,0,7.775,"Southampton"
"996","Si","Lower","female",16,1,1,8.5167,"Cherbourg"
"997","No","Lower","male",28,0,0,22.525,"Southampton"
"998","No","Lower","male",21,0,0,7.8208,"Queenstown"
"999","No","Lower","male",51,0,0,7.75,"Queenstown"
"1000","No","Lower","male",33,0,0,8.7125,"Southampton"
"1001","No","Middle","male",18.5,0,0,13,"Southampton"
"1002","No","Middle","male",41,0,0,15.0458,"Cherbourg"
"1003","Si","Lower","female",22,0,0,7.7792,"Queenstown"
"1004","Si","Upper","female",36,0,0,31.6792,"Cherbourg"
"1005","Si","Lower","female",18.5,0,0,7.2833,"Queenstown"
"1006","Si","Upper","female",63,1,0,221.7792,"Southampton"
"1007","No","Lower","male",18,1,0,14.4542,"Cherbourg"
"1008","No","Lower","male",34.5,0,0,6.4375,"Cherbourg"
"1009","Si","Lower","female",1,1,1,16.7,"Southampton"
"1010","No","Upper","male",36,0,0,75.2417,"Cherbourg"
"1011","Si","Middle","female",29,1,0,26,"Southampton"
"1012","Si","Middle","female",12,0,0,15.75,"Southampton"
"1013","No","Lower","male",25,1,0,7.75,"Queenstown"
"1014","Si","Upper","female",35,1,0,57.75,"Cherbourg"
"1015","No","Lower","male",28,0,0,7.25,"Southampton"
"1016","No","Lower","male",51,0,0,7.75,"Queenstown"
"1017","Si","Lower","female",17,0,1,16.1,"Southampton"
"1018","No","Lower","male",22,0,0,7.7958,"Southampton"
"1019","Si","Lower","female",53,2,0,23.25,"Queenstown"
"1020","No","Middle","male",42,0,0,13,"Southampton"
"1021","No","Lower","male",24,0,0,8.05,"Southampton"
"1022","No","Lower","male",32,0,0,8.05,"Southampton"
"1023","No","Upper","male",53,0,0,28.5,"Cherbourg"
"1024","Si","Lower","female",29,0,4,25.4667,"Southampton"
"1025","No","Lower","male",21,1,0,6.4375,"Cherbourg"
"1026","No","Lower","male",43,0,0,7.8958,"Southampton"
"1027","No","Lower","male",24,0,0,7.8542,"Southampton"
"1028","No","Lower","male",26.5,0,0,7.225,"Cherbourg"
"1029","No","Middle","male",26,0,0,13,"Southampton"
"1030","Si","Lower","female",23,0,0,8.05,"Southampton"
"1031","No","Lower","male",40,1,6,46.9,"Southampton"
"1032","Si","Lower","female",10,5,2,46.9,"Southampton"
"1033","Si","Upper","female",33,0,0,151.55,"Southampton"
"1034","No","Upper","male",61,1,3,262.375,"Cherbourg"
"1035","No","Middle","male",28,0,0,26,"Southampton"
"1036","No","Upper","male",42,0,0,26.55,"Southampton"
"1037","No","Lower","male",31,3,0,18,"Southampton"
"1038","No","Upper","male",48,0,0,51.8625,"Southampton"
"1039","No","Lower","male",22,0,0,8.05,"Southampton"
"1040","No","Upper","male",62,0,0,26.55,"Southampton"
"1041","No","Middle","male",30,1,1,26,"Southampton"
"1042","Si","Upper","female",23,0,1,83.1583,"Cherbourg"
"1043","No","Lower","male",33,0,0,7.8958,"Cherbourg"
"1044","No","Lower","male",60.5,0,0,32.3208,"Southampton"
"1045","Si","Lower","female",36,0,2,12.1833,"Southampton"
"1046","No","Lower","male",13,4,2,31.3875,"Southampton"
"1047","No","Lower","male",24,0,0,7.55,"Southampton"
"1048","Si","Upper","female",29,0,0,221.7792,"Southampton"
"1049","Si","Lower","female",23,0,0,7.8542,"Southampton"
"1050","No","Upper","male",42,0,0,26.55,"Southampton"
"1051","Si","Lower","female",26,0,2,13.775,"Southampton"
"1052","Si","Lower","female",21,0,0,7.7333,"Queenstown"
"1053","No","Lower","male",7,1,1,15.2458,"Cherbourg"
"1054","Si","Middle","female",26,0,0,13.5,"Southampton"
"1055","No","Lower","male",35,0,0,7,"Southampton"
"1056","No","Middle","male",41,0,0,13,"Southampton"
"1057","Si","Lower","female",26,1,1,22.025,"Southampton"
"1058","No","Upper","male",48,0,0,50.4958,"Cherbourg"
"1059","No","Lower","male",18,2,2,34.375,"Southampton"
"1060","Si","Upper","female",40,0,0,27.7208,"Cherbourg"
"1061","Si","Lower","female",22,0,0,8.9625,"Southampton"
"1062","No","Lower","male",24,0,0,7.55,"Southampton"
"1063","No","Lower","male",27,0,0,7.225,"Cherbourg"
"1064","No","Lower","male",23,1,0,13.9,"Southampton"
"1065","No","Lower","male",23.5,0,0,7.2292,"Cherbourg"
"1066","No","Lower","male",40,1,5,31.3875,"Southampton"
"1067","Si","Middle","female",15,0,2,39,"Southampton"
"1068","Si","Middle","female",20,0,0,36.75,"Southampton"
"1069","No","Upper","male",54,1,0,55.4417,"Cherbourg"
"1070","Si","Middle","female",36,0,3,39,"Southampton"
"1071","Si","Upper","female",64,0,2,83.1583,"Cherbourg"
"1072","No","Middle","male",30,0,0,13,"Southampton"
"1073","No","Upper","male",37,1,1,83.1583,"Cherbourg"
"1074","Si","Upper","female",18,1,0,53.1,"Southampton"
"1075","No","Lower","male",51,0,0,7.75,"Queenstown"
"1076","Si","Upper","female",27,1,1,247.5208,"Cherbourg"
"1077","No","Middle","male",40,0,0,16,"Southampton"
"1078","Si","Middle","female",21,0,1,21,"Southampton"
"1079","No","Lower","male",17,2,0,8.05,"Southampton"
"1080","Si","Lower","female",10,8,2,69.55,"Southampton"
"1081","No","Middle","male",40,0,0,13,"Southampton"
"1082","No","Middle","male",34,1,0,26,"Southampton"
"1083","No","Upper","male",46,0,0,26,"Southampton"
"1084","No","Lower","male",11.5,1,1,14.5,"Southampton"
"1085","No","Middle","male",61,0,0,12.35,"Queenstown"
"1086","No","Middle","male",8,0,2,32.5,"Southampton"
"1087","No","Lower","male",33,0,0,7.8542,"Southampton"
"1088","No","Upper","male",6,0,2,134.5,"Cherbourg"
"1089","Si","Lower","female",18,0,0,7.775,"Southampton"
"1090","No","Middle","male",23,0,0,10.5,"Southampton"
"1091","Si","Lower","female",19,0,0,8.1125,"Southampton"
"1092","Si","Lower","female",40,0,0,15.5,"Queenstown"
"1093","No","Lower","male",0.33,0,2,14.4,"Southampton"
"1094","No","Upper","male",47,1,0,227.525,"Cherbourg"
"1095","Si","Middle","female",8,1,1,26,"Southampton"
"1096","No","Middle","male",25,0,0,10.5,"Southampton"
"1097","No","Upper","male",46,0,0,25.7417,"Cherbourg"
"1098","Si","Lower","female",35,0,0,7.75,"Queenstown"
"1099","No","Middle","male",24,0,0,10.5,"Southampton"
"1100","Si","Upper","female",33,0,0,27.7208,"Cherbourg"
"1101","No","Lower","male",25,0,0,7.8958,"Southampton"
"1102","No","Lower","male",32,0,0,22.525,"Southampton"
"1103","No","Lower","male",25,0,0,7.05,"Southampton"
"1104","No","Middle","male",17,0,0,73.5,"Southampton"
"1105","Si","Middle","female",60,1,0,26,"Southampton"
"1106","Si","Lower","female",38,4,2,7.775,"Southampton"
"1107","No","Upper","male",42,0,0,42.5,"Southampton"
"1108","Si","Lower","female",26,0,0,7.8792,"Queenstown"
"1109","No","Upper","male",57,1,1,164.8667,"Southampton"
"1110","Si","Upper","female",50,1,1,211.5,"Cherbourg"
"1111","No","Lower","male",24,0,0,8.05,"Southampton"
"1112","Si","Middle","female",30,1,0,13.8583,"Cherbourg"
"1113","No","Lower","male",21,0,0,8.05,"Southampton"
"1114","Si","Middle","female",22,0,0,10.5,"Southampton"
"1115","No","Lower","male",21,0,0,7.7958,"Southampton"
"1116","Si","Upper","female",53,0,0,27.4458,"Cherbourg"
"1117","Si","Lower","female",24,0,2,15.2458,"Cherbourg"
"1118","No","Lower","male",23,0,0,7.7958,"Southampton"
"1119","Si","Lower","female",22,0,0,7.75,"Queenstown"
"1120","No","Lower","male",40.5,0,0,15.1,"Southampton"
"1121","No","Middle","male",36,0,0,13,"Southampton"
"1122","No","Middle","male",14,0,0,65,"Southampton"
"1123","Si","Upper","female",21,0,0,26.55,"Southampton"
"1124","No","Lower","male",21,1,0,6.4958,"Southampton"
"1125","No","Lower","male",26,0,0,7.8792,"Queenstown"
"1126","No","Upper","male",39,1,0,71.2833,"Cherbourg"
"1127","No","Lower","male",20,0,0,7.8542,"Southampton"
"1128","No","Upper","male",64,1,0,75.25,"Cherbourg"
"1129","No","Lower","male",20,0,0,7.225,"Cherbourg"
"1130","Si","Middle","female",18,1,1,13,"Southampton"
"1131","Si","Upper","female",48,1,0,106.425,"Cherbourg"
"1132","Si","Upper","female",55,0,0,27.7208,"Cherbourg"
"1133","Si","Middle","female",45,0,2,30,"Southampton"
"1134","No","Upper","male",45,1,1,134.5,"Cherbourg"
"1135","No","Lower","male",28,0,0,7.8875,"Southampton"
"1136","No","Lower","male",26,1,2,23.45,"Southampton"
"1137","No","Upper","male",41,1,0,51.8625,"Southampton"
"1138","Si","Middle","female",22,0,0,21,"Southampton"
"1139","No","Middle","male",42,1,1,32.5,"Southampton"
"1140","Si","Middle","female",29,1,0,26,"Southampton"
"1141","Si","Lower","female",18,1,0,14.4542,"Cherbourg"
"1142","Si","Middle","female",0.92,1,2,27.75,"Southampton"
"1143","No","Lower","male",20,0,0,7.925,"Southampton"
"1144","No","Upper","male",27,1,0,136.7792,"Cherbourg"
"1145","No","Lower","male",24,0,0,9.325,"Southampton"
"1146","No","Lower","male",32.5,0,0,9.5,"Southampton"
"1147","No","Lower","male",24,0,0,7.55,"Southampton"
"1148","No","Lower","male",51,0,0,7.75,"Queenstown"
"1149","No","Lower","male",28,0,0,8.05,"Southampton"
"1150","Si","Middle","female",19,0,0,13,"Southampton"
"1151","No","Lower","male",21,0,0,7.775,"Southampton"
"1152","No","Lower","male",36.5,1,0,17.4,"Southampton"
"1153","No","Lower","male",21,0,0,7.8542,"Southampton"
"1154","Si","Middle","female",29,0,2,23,"Southampton"
"1155","Si","Lower","female",1,1,1,12.1833,"Southampton"
"1156","No","Middle","male",30,0,0,12.7375,"Cherbourg"
"1157","No","Lower","male",33,0,0,7.8958,"Southampton"
"1158","No","Upper","male",39,0,0,13,"Southampton"
"1159","No","Lower","male",24,0,0,7.55,"Southampton"
"1160","Si","Lower","female",19,0,0,8.05,"Southampton"
"1161","No","Lower","male",17,0,0,8.6625,"Southampton"
"1162","No","Upper","male",46,0,0,75.2417,"Cherbourg"
"1163","No","Lower","male",51,0,0,7.75,"Queenstown"
"1164","Si","Upper","female",26,1,0,136.7792,"Cherbourg"
"1165","Si","Lower","female",24,1,0,15.5,"Queenstown"
"1166","No","Lower","male",30,0,0,7.225,"Cherbourg"
"1167","Si","Middle","female",20,1,0,26,"Southampton"
"1168","No","Middle","male",28,0,0,10.5,"Southampton"
"1169","No","Middle","male",40,1,0,26,"Southampton"
"1170","No","Middle","male",30,1,0,21,"Southampton"
"1171","No","Middle","male",22,0,0,10.5,"Southampton"
"1172","Si","Lower","female",23,0,0,8.6625,"Southampton"
"1173","No","Lower","male",0.75,1,1,13.775,"Southampton"
"1174","Si","Lower","female",22,0,0,7.75,"Queenstown"
"1175","Si","Lower","female",9,1,1,15.2458,"Cherbourg"
"1176","Si","Lower","female",2,1,1,20.2125,"Southampton"
"1177","No","Lower","male",36,0,0,7.25,"Southampton"
"1178","No","Lower","male",22,0,0,7.25,"Southampton"
"1179","No","Upper","male",24,1,0,82.2667,"Southampton"
"1180","No","Lower","male",23.5,0,0,7.2292,"Cherbourg"
"1181","No","Lower","male",24,0,0,8.05,"Southampton"
"1182","No","Upper","male",45,0,0,39.6,"Southampton"
"1183","Si","Lower","female",30,0,0,6.95,"Queenstown"
"1184","No","Lower","male",23.5,0,0,7.2292,"Cherbourg"
"1185","No","Upper","male",53,1,1,81.8583,"Southampton"
"1186","No","Lower","male",36,0,0,9.5,"Southampton"
"1187","No","Lower","male",26,0,0,7.8958,"Southampton"
"1188","Si","Middle","female",1,1,2,41.5792,"Cherbourg"
"1189","No","Lower","male",21,2,0,21.6792,"Cherbourg"
"1190","No","Upper","male",30,0,0,45.5,"Southampton"
"1191","No","Lower","male",29,0,0,7.8542,"Southampton"
"1192","No","Lower","male",32,0,0,7.775,"Southampton"
"1193","No","Middle","male",40.5,0,0,15.0458,"Cherbourg"
"1194","No","Middle","male",43,0,1,21,"Southampton"
"1195","No","Lower","male",24,0,0,8.6625,"Southampton"
"1196","Si","Lower","female",22,0,0,7.75,"Queenstown"
"1197","Si","Upper","female",64,1,1,26.55,"Southampton"
"1198","No","Upper","male",30,1,2,151.55,"Southampton"
"1199","No","Lower","male",0.83,0,1,9.35,"Southampton"
"1200","No","Upper","male",55,1,1,93.5,"Southampton"
"1201","Si","Lower","female",45,1,0,14.1083,"Southampton"
"1202","No","Lower","male",18,0,0,8.6625,"Southampton"
"1203","No","Lower","male",22,0,0,7.225,"Cherbourg"
"1204","No","Lower","male",25,0,0,7.575,"Southampton"
"1205","Si","Lower","female",37,0,0,7.75,"Queenstown"
"1206","Si","Upper","female",55,0,0,135.6333,"Cherbourg"
"1207","Si","Lower","female",17,0,0,7.7333,"Queenstown"
"1208","No","Upper","male",57,1,0,146.5208,"Cherbourg"
"1209","No","Middle","male",19,0,0,10.5,"Southampton"
"1210","No","Lower","male",27,0,0,7.8542,"Southampton"
"1211","No","Middle","male",22,2,0,31.5,"Southampton"
"1212","No","Lower","male",26,0,0,7.775,"Southampton"
"1213","No","Lower","male",25,0,0,7.2292,"Cherbourg"
"1214","No","Middle","male",26,0,0,13,"Southampton"
"1215","No","Upper","male",33,0,0,26.55,"Southampton"
"1216","Si","Upper","female",39,0,0,211.3375,"Southampton"
"1217","No","Lower","male",23,0,0,7.05,"Southampton"
"1218","Si","Middle","female",12,2,1,39,"Southampton"
"1219","No","Upper","male",46,0,0,79.2,"Cherbourg"
"1220","No","Middle","male",29,1,0,26,"Southampton"
"1221","No","Middle","male",21,0,0,13,"Southampton"
"1222","Si","Middle","female",48,0,2,36.75,"Southampton"
"1223","No","Upper","male",39,0,0,29.7,"Cherbourg"
"1224","No","Lower","male",30,0,0,7.225,"Cherbourg"
"1225","Si","Lower","female",19,1,1,15.7417,"Cherbourg"
"1226","No","Lower","male",27,0,0,7.8958,"Southampton"
"1227","No","Upper","male",30,0,0,26,"Southampton"
"1228","No","Middle","male",32,0,0,13,"Southampton"
"1229","No","Lower","male",39,0,2,7.2292,"Cherbourg"
"1230","No","Middle","male",25,0,0,31.5,"Southampton"
"1231","No","Lower","male",23.5,0,0,7.2292,"Cherbourg"
"1232","No","Middle","male",18,0,0,10.5,"Southampton"
"1233","No","Lower","male",32,0,0,7.5792,"Southampton"
"1234","No","Lower","male",40,1,9,69.55,"Southampton"
"1235","Si","Upper","female",58,0,1,512.3292,"Cherbourg"
"1236","No","Lower","male",11.5,1,1,14.5,"Southampton"
"1237","Si","Lower","female",16,0,0,7.65,"Southampton"
"1238","No","Middle","male",26,0,0,13,"Southampton"
"1239","Si","Lower","female",38,0,0,7.2292,"Cherbourg"
"1240","No","Middle","male",24,0,0,13.5,"Southampton"
"1241","Si","Middle","female",31,0,0,21,"Southampton"
"1242","Si","Upper","female",45,0,1,63.3583,"Cherbourg"
"1243","No","Middle","male",25,0,0,10.5,"Southampton"
"1244","No","Middle","male",18,0,0,73.5,"Southampton"
"1245","No","Middle","male",49,1,2,65,"Southampton"
"1246","Si","Lower","female",0.17,1,2,20.575,"Southampton"
"1247","No","Upper","male",50,0,0,26,"Southampton"
"1248","Si","Upper","female",59,2,0,51.4792,"Southampton"
"1249","No","Lower","male",26,0,0,7.8792,"Southampton"
"1250","No","Lower","male",51,0,0,7.75,"Queenstown"
"1251","Si","Lower","female",30,1,0,15.55,"Southampton"
"1252","No","Lower","male",14.5,8,2,69.55,"Southampton"
"1253","Si","Middle","female",24,1,1,37.0042,"Cherbourg"
"1254","Si","Middle","female",31,0,0,21,"Southampton"
"1255","No","Lower","male",27,0,0,8.6625,"Southampton"
"1256","Si","Upper","female",25,1,0,55.4417,"Cherbourg"
"1257","Si","Lower","female",38,1,9,69.55,"Southampton"
"1258","No","Lower","male",26,1,0,14.4583,"Cherbourg"
"1259","Si","Lower","female",22,0,0,39.6875,"Southampton"
"1260","Si","Upper","female",45,0,1,59.4,"Cherbourg"
"1261","No","Middle","male",29,0,0,13.8583,"Cherbourg"
"1262","No","Middle","male",21,1,0,11.5,"Southampton"
"1263","Si","Upper","female",31,0,0,134.5,"Cherbourg"
"1264","No","Upper","male",49,0,0,26,"Southampton"
"1265","No","Middle","male",44,0,0,13,"Southampton"
"1266","Si","Upper","female",54,1,1,81.8583,"Southampton"
"1267","Si","Upper","female",45,0,0,262.375,"Cherbourg"
"1268","Si","Lower","female",22,2,0,8.6625,"Southampton"
"1269","No","Middle","male",21,0,0,11.5,"Southampton"
"1270","No","Upper","male",55,0,0,50,"Southampton"
"1271","No","Lower","male",5,4,2,31.3875,"Southampton"
"1272","No","Lower","male",51,0,0,7.75,"Queenstown"
"1273","No","Lower","male",26,0,0,7.8792,"Queenstown"
"1274","Si","Lower","female",26,0,0,14.5,"Southampton"
"1275","Si","Lower","female",19,1,0,16.1,"Southampton"
"1276","No","Middle","male",30,0,0,12.875,"Southampton"
"1277","Si","Middle","female",24,1,2,65,"Southampton"
"1278","No","Lower","male",24,0,0,7.775,"Southampton"
"1279","No","Middle","male",57,0,0,13,"Southampton"
"1280","No","Lower","male",21,0,0,7.75,"Queenstown"
"1281","No","Lower","male",6,3,1,21.075,"Southampton"
"1282","No","Upper","male",23,0,0,93.5,"Southampton"
"1283","Si","Upper","female",51,0,1,39.4,"Southampton"
"1284","No","Lower","male",13,0,2,20.25,"Southampton"
"1285","No","Middle","male",47,0,0,10.5,"Southampton"
"1286","No","Lower","male",29,3,1,22.025,"Southampton"
"1287","Si","Upper","female",18,1,0,60,"Southampton"
"1288","No","Lower","male",24,0,0,7.25,"Queenstown"
"1289","Si","Upper","female",48,1,1,79.2,"Cherbourg"
"1290","No","Lower","male",22,0,0,7.775,"Southampton"
"1291","No","Lower","male",31,0,0,7.7333,"Queenstown"
"1292","Si","Upper","female",30,0,0,164.8667,"Southampton"
"1293","No","Middle","male",38,1,0,21,"Southampton"
"1294","Si","Upper","female",22,0,1,59.4,"Cherbourg"
"1295","No","Upper","male",17,0,0,47.1,"Southampton"
"1296","No","Upper","male",43,1,0,27.7208,"Cherbourg"
"1297","No","Middle","male",20,0,0,13.8625,"Cherbourg"
"1298","No","Middle","male",23,1,0,10.5,"Southampton"
"1299","No","Upper","male",50,1,1,211.5,"Cherbourg"
"1300","Si","Lower","female",17,0,0,7.7208,"Queenstown"
"1301","Si","Lower","female",3,1,1,13.775,"Southampton"
"1302","Si","Lower","female",22,0,0,7.75,"Queenstown"
"1303","Si","Upper","female",37,1,0,90,"Queenstown"
"1304","Si","Lower","female",28,0,0,7.775,"Southampton"
"1305","No","Lower","male",24,0,0,8.05,"Southampton"
"1306","Si","Upper","female",39,0,0,108.9,"Cherbourg"
"1307","No","Lower","male",38.5,0,0,7.25,"Southampton"
"1308","No","Lower","male",24,0,0,8.05,"Southampton"
"1309","No","Lower","male",30,1,1,22.3583,"Cherbourg"
